[{"model": "contenttypes.contenttype", "pk": 1, "fields": {"app_label": "admin", "model": "logentry"}}, {"model": "contenttypes.contenttype", "pk": 2, "fields": {"app_label": "auth", "model": "permission"}}, {"model": "contenttypes.contenttype", "pk": 3, "fields": {"app_label": "auth", "model": "group"}}, {"model": "contenttypes.contenttype", "pk": 4, "fields": {"app_label": "auth", "model": "user"}}, {"model": "contenttypes.contenttype", "pk": 5, "fields": {"app_label": "contenttypes", "model": "contenttype"}}, {"model": "contenttypes.contenttype", "pk": 6, "fields": {"app_label": "sessions", "model": "session"}}, {"model": "contenttypes.contenttype", "pk": 7, "fields": {"app_label": "myApp", "model": "book"}}, {"model": "contenttypes.contenttype", "pk": 8, "fields": {"app_label": "myApp", "model": "author"}}, {"model": "contenttypes.contenttype", "pk": 9, "fields": {"app_label": "myApp", "model": "student"}}, {"model": "contenttypes.contenttype", "pk": 10, "fields": {"app_label": "myApp", "model": "course"}}, {"model": "contenttypes.contenttype", "pk": 11, "fields": {"app_label": "myApp", "model": "topics"}}, {"model": "contenttypes.contenttype", "pk": 12, "fields": {"app_label": "myApp", "model": "imagestable"}}, {"model": "sessions.session", "pk": "nqo1rhtydeggaek64qyx53rb90srcs4g", "fields": {"session_data": "MDMyM2FiOWE0ODBkZmVkZDE5NDAxZWUxMTUwOWQ5MGFjNjg2NDQxZDp7Il9hdXRoX3VzZXJfaWQiOiIyOCIsIl9hdXRoX3VzZXJfYmFja2VuZCI6ImRqYW5nby5jb250cmliLmF1dGguYmFja2VuZHMuTW9kZWxCYWNrZW5kIiwiX2F1dGhfdXNlcl9oYXNoIjoiY2IyYjUzMDg3YjdmM2YxZmM3NGQ0YjkwOTgzNWRiMmM5YjI2M2IwMyJ9", "expire_date": "2017-07-13T06:14:17.802Z"}}, {"model": "sessions.session", "pk": "qqaf9ddaxbofbkqew79tq1cfvf4bp6fq", "fields": {"session_data": "NGMxMzUxZWIwYzNiM2E3ZDJmODliN2RjMTQ0MzIxOTY4YzNkMTI1MTp7Il9hdXRoX3VzZXJfaWQiOiIxNSIsIl9hdXRoX3VzZXJfYmFja2VuZCI6ImRqYW5nby5jb250cmliLmF1dGguYmFja2VuZHMuTW9kZWxCYWNrZW5kIiwiX2F1dGhfdXNlcl9oYXNoIjoiZjQ5M2U3MzRjNmY4ZDM1ZTA0MDU0MDZlMDE1ZDRhZmIzODVhYTI4NSJ9", "expire_date": "2017-07-09T03:30:33.605Z"}}, {"model": "sessions.session", "pk": "xoe0zms14sh4958hdjpv6h5titf0qzvc", "fields": {"session_data": "OTQyMTFlNmFhMTkxZTVhODUwMGUwMjE0Y2I2ODY0YTFjODEzZjMzMTp7Il9hdXRoX3VzZXJfaWQiOiIyIiwiX2F1dGhfdXNlcl9iYWNrZW5kIjoiZGphbmdvLmNvbnRyaWIuYXV0aC5iYWNrZW5kcy5Nb2RlbEJhY2tlbmQiLCJfYXV0aF91c2VyX2hhc2giOiI0MTE1Y2YyZWNhODhiYWM2ZDRiOGRlMjJjODUyZmY3ZDkxYWIzNmU0In0=", "expire_date": "2017-05-30T14:01:46.519Z"}}, {"model": "myApp.author", "pk": 1, "fields": {"firstname": "kishan", "lastname": "Patel", "city": null, "birthdate": "2017-05-17"}}, {"model": "myApp.author", "pk": 2, "fields": {"firstname": "Aesha", "lastname": "Patel", "city": null, "birthdate": "2017-05-09"}}, {"model": "myApp.author", "pk": 3, "fields": {"firstname": "KishanKumar", "lastname": "Patel", "city": "Anand", "birthdate": "1992-02-14"}}, {"model": "myApp.author", "pk": 4, "fields": {"firstname": "JK", "lastname": "Rowling", "city": "Amsterdam", "birthdate": "1990-02-15"}}, {"model": "myApp.author", "pk": 5, "fields": {"firstname": "Karma", "lastname": "PAtel", "city": "Ishwarpura", "birthdate": "1898-05-08"}}, {"model": "myApp.author", "pk": 15, "fields": {"firstname": "Pappu", "lastname": "Tappy", "city": "WINDSOR", "birthdate": "1980-09-25"}}, {"model": "myApp.author", "pk": 7, "fields": {"firstname": "MARY", "lastname": "HALL", "city": "TORONTO", "birthdate": "1976-12-17"}}, {"model": "myApp.author", "pk": 8, "fields": {"firstname": "JOHN", "lastname": "KING", "city": null, "birthdate": "1982-01-05"}}, {"model": "myApp.author", "pk": 9, "fields": {"firstname": "ALAN", "lastname": "JONES", "city": null, "birthdate": "1980-01-12"}}, {"model": "myApp.book", "pk": 1, "fields": {"title": "Harry Potter and the deadly hollows", "author": 4, "numpages": 500, "in_stock": true}}, {"model": "myApp.book", "pk": 2, "fields": {"title": "lifetime of happiness and struggles", "author": 1, "numpages": 200, "in_stock": true}}, {"model": "myApp.book", "pk": 3, "fields": {"title": "A Guide to spiritual presence and his knowing", "author": 3, "numpages": 200, "in_stock": true}}, {"model": "myApp.book", "pk": 4, "fields": {"title": "ADVANCED OPTICAL NETWORKS", "author": 6, "numpages": 110, "in_stock": true}}, {"model": "myApp.book", "pk": 5, "fields": {"title": "Wireless Networks", "author": 7, "numpages": 300, "in_stock": true}}, {"model": "myApp.book", "pk": 6, "fields": {"title": "The New World", "author": 8, "numpages": 75, "in_stock": false}}, {"model": "myApp.book", "pk": 7, "fields": {"title": "Python Programming", "author": 9, "numpages": 275, "in_stock": true}}, {"model": "myApp.book", "pk": 8, "fields": {"title": "A Good Story by", "author": 7, "numpages": 155, "in_stock": true}}, {"model": "myApp.topics", "pk": 1, "fields": {"subject": "TestTopic", "intro_course": true, "time": 2, "num_responses": 7, "avg_age": 37}}, {"model": "myApp.topics", "pk": 2, "fields": {"subject": "testnew", "intro_course": true, "time": 2, "num_responses": 1, "avg_age": 22}}, {"model": "myApp.topics", "pk": 3, "fields": {"subject": "TopicTest", "intro_course": true, "time": 2, "num_responses": 2, "avg_age": 27}}, {"model": "myApp.topics", "pk": 4, "fields": {"subject": "test3Topic", "intro_course": false, "time": 3, "num_responses": 5, "avg_age": 34}}, {"model": "myApp.topics", "pk": 5, "fields": {"subject": "wonderTopic", "intro_course": true, "time": 2, "num_responses": 3, "avg_age": 35}}, {"model": "myApp.topics", "pk": 6, "fields": {"subject": "Todays Quizzs", "intro_course": true, "time": 1, "num_responses": 2, "avg_age": 42}}, {"model": "myApp.topics", "pk": 7, "fields": {"subject": "", "intro_course": false, "time": 1, "num_responses": 1, "avg_age": 36}}, {"model": "myApp.topics", "pk": 8, "fields": {"subject": "aaaaa", "intro_course": false, "time": 2, "num_responses": 1, "avg_age": 5}}, {"model": "myApp.topics", "pk": 9, "fields": {"subject": "adffsdf", "intro_course": true, "time": 2, "num_responses": 1, "avg_age": 120}}, {"model": "auth.permission", "pk": 1, "fields": {"name": "Can add log entry", "content_type": 1, "codename": "add_logentry"}}, {"model": "auth.permission", "pk": 2, "fields": {"name": "Can change log entry", "content_type": 1, "codename": "change_logentry"}}, {"model": "auth.permission", "pk": 3, "fields": {"name": "Can delete log entry", "content_type": 1, "codename": "delete_logentry"}}, {"model": "auth.permission", "pk": 4, "fields": {"name": "Can add permission", "content_type": 2, "codename": "add_permission"}}, {"model": "auth.permission", "pk": 5, "fields": {"name": "Can change permission", "content_type": 2, "codename": "change_permission"}}, {"model": "auth.permission", "pk": 6, "fields": {"name": "Can delete permission", "content_type": 2, "codename": "delete_permission"}}, {"model": "auth.permission", "pk": 7, "fields": {"name": "Can add group", "content_type": 3, "codename": "add_group"}}, {"model": "auth.permission", "pk": 8, "fields": {"name": "Can change group", "content_type": 3, "codename": "change_group"}}, {"model": "auth.permission", "pk": 9, "fields": {"name": "Can delete group", "content_type": 3, "codename": "delete_group"}}, {"model": "auth.permission", "pk": 10, "fields": {"name": "Can add user", "content_type": 4, "codename": "add_user"}}, {"model": "auth.permission", "pk": 11, "fields": {"name": "Can change user", "content_type": 4, "codename": "change_user"}}, {"model": "auth.permission", "pk": 12, "fields": {"name": "Can delete user", "content_type": 4, "codename": "delete_user"}}, {"model": "auth.permission", "pk": 13, "fields": {"name": "Can add content type", "content_type": 5, "codename": "add_contenttype"}}, {"model": "auth.permission", "pk": 14, "fields": {"name": "Can change content type", "content_type": 5, "codename": "change_contenttype"}}, {"model": "auth.permission", "pk": 15, "fields": {"name": "Can delete content type", "content_type": 5, "codename": "delete_contenttype"}}, {"model": "auth.permission", "pk": 16, "fields": {"name": "Can add session", "content_type": 6, "codename": "add_session"}}, {"model": "auth.permission", "pk": 17, "fields": {"name": "Can change session", "content_type": 6, "codename": "change_session"}}, {"model": "auth.permission", "pk": 18, "fields": {"name": "Can delete session", "content_type": 6, "codename": "delete_session"}}, {"model": "auth.permission", "pk": 19, "fields": {"name": "Can add book", "content_type": 7, "codename": "add_book"}}, {"model": "auth.permission", "pk": 20, "fields": {"name": "Can change book", "content_type": 7, "codename": "change_book"}}, {"model": "auth.permission", "pk": 21, "fields": {"name": "Can delete book", "content_type": 7, "codename": "delete_book"}}, {"model": "auth.permission", "pk": 22, "fields": {"name": "Can add author", "content_type": 8, "codename": "add_author"}}, {"model": "auth.permission", "pk": 23, "fields": {"name": "Can change author", "content_type": 8, "codename": "change_author"}}, {"model": "auth.permission", "pk": 24, "fields": {"name": "Can delete author", "content_type": 8, "codename": "delete_author"}}, {"model": "auth.permission", "pk": 25, "fields": {"name": "Can add user", "content_type": 9, "codename": "add_student"}}, {"model": "auth.permission", "pk": 26, "fields": {"name": "Can change user", "content_type": 9, "codename": "change_student"}}, {"model": "auth.permission", "pk": 27, "fields": {"name": "Can delete user", "content_type": 9, "codename": "delete_student"}}, {"model": "auth.permission", "pk": 28, "fields": {"name": "Can add course", "content_type": 10, "codename": "add_course"}}, {"model": "auth.permission", "pk": 29, "fields": {"name": "Can change course", "content_type": 10, "codename": "change_course"}}, {"model": "auth.permission", "pk": 30, "fields": {"name": "Can delete course", "content_type": 10, "codename": "delete_course"}}, {"model": "auth.permission", "pk": 31, "fields": {"name": "Can add topic", "content_type": 11, "codename": "add_topic"}}, {"model": "auth.permission", "pk": 32, "fields": {"name": "Can change topic", "content_type": 11, "codename": "change_topic"}}, {"model": "auth.permission", "pk": 33, "fields": {"name": "Can delete topic", "content_type": 11, "codename": "delete_topic"}}, {"model": "auth.permission", "pk": 34, "fields": {"name": "Can add topics", "content_type": 11, "codename": "add_topics"}}, {"model": "auth.permission", "pk": 35, "fields": {"name": "Can change topics", "content_type": 11, "codename": "change_topics"}}, {"model": "auth.permission", "pk": 36, "fields": {"name": "Can delete topics", "content_type": 11, "codename": "delete_topics"}}, {"model": "auth.permission", "pk": 37, "fields": {"name": "Can add images table", "content_type": 12, "codename": "add_imagestable"}}, {"model": "auth.permission", "pk": 38, "fields": {"name": "Can change images table", "content_type": 12, "codename": "change_imagestable"}}, {"model": "auth.permission", "pk": 39, "fields": {"name": "Can delete images table", "content_type": 12, "codename": "delete_imagestable"}}, {"model": "auth.group", "pk": 1, "fields": {"name": "Kishanpatel", "permissions": [25]}}, {"model": "auth.group", "pk": 2, "fields": {"name": "Students", "permissions": [32]}}, {"model": "auth.user", "pk": 1, "fields": {"password": "pbkdf2_sha256$36000$84S1NXZeIQm7$X6Gl+5cPTkVdXRFmZKPYWkdV2O6lqkqxYHzyac7ac2s=", "last_login": null, "is_superuser": true, "username": "krishnascoderoom", "first_name": "", "last_name": "", "email": "patel1dc@uwindsor.ca", "is_staff": true, "is_active": true, "date_joined": "2017-05-09T16:30:20.672Z", "groups": [], "user_permissions": []}}, {"model": "auth.user", "pk": 2, "fields": {"password": "pbkdf2_sha256$36000$M15NB5LKUj8I$2kY03PCgauxGyHEDKk4wfc+0yBk/XOjSEH+ODHcCTRw=", "last_login": "2017-05-16T14:01:46.396Z", "is_superuser": true, "username": "Krishnasuper", "first_name": "", "last_name": "", "email": "patel1dc@uwindsor.ca", "is_staff": true, "is_active": true, "date_joined": "2017-05-16T13:58:18.668Z", "groups": [], "user_permissions": []}}, {"model": "auth.user", "pk": 5, "fields": {"password": "testpass123", "last_login": "2017-05-21T00:01:24Z", "is_superuser": false, "username": "BILLwANG", "first_name": "BILL", "last_name": "WANG", "email": "BILL@bill.wang", "is_staff": true, "is_active": true, "date_joined": "2017-05-21T00:01:10Z", "groups": [], "user_permissions": []}}, {"model": "auth.user", "pk": 6, "fields": {"password": "testpass123", "last_login": "2017-05-21T00:02:31Z", "is_superuser": false, "username": "JOSH", "first_name": "JOSH", "last_name": "JAMES", "email": "JOSH@james.josh", "is_staff": true, "is_active": true, "date_joined": "2017-05-21T00:02:19Z", "groups": [], "user_permissions": []}}, {"model": "auth.user", "pk": 7, "fields": {"password": "ZIAD", "last_login": "2017-05-21T00:03:26Z", "is_superuser": false, "username": "ZIAD", "first_name": "ZIAD", "last_name": "KOBTI", "email": "ZIAD@uwindsor.ca", "is_staff": false, "is_active": true, "date_joined": "2017-05-21T00:03:10Z", "groups": [], "user_permissions": []}}, {"model": "auth.user", "pk": 9, "fields": {"password": "pbkdf2_sha256$36000$pCGCsUz7HFch$nIHcn45Bdqdd6Sv6YlSn9WpMsalF8TgTXiqYqEav/PQ=", "last_login": "2017-06-13T16:32:17.900Z", "is_superuser": true, "username": "kishansuper", "first_name": "", "last_name": "", "email": "patel1dc@uwindsor.ca", "is_staff": true, "is_active": true, "date_joined": "2017-06-13T16:30:29.713Z", "groups": [], "user_permissions": []}}, {"model": "auth.user", "pk": 10, "fields": {"password": "indiaismycountry1234", "last_login": null, "is_superuser": false, "username": "Krishhkishan", "first_name": "kishan", "last_name": "krishna", "email": "kishan@krishna.com", "is_staff": true, "is_active": true, "date_joined": "2017-06-23T07:52:38Z", "groups": [], "user_permissions": [1, 2, 3, 7, 8, 9, 4, 5, 6, 10, 11, 12, 13, 14, 15, 22, 23, 24, 19, 20, 21, 28, 29, 30, 25, 26, 27, 31, 34, 32, 35, 33, 36, 16, 17, 18]}}, {"model": "auth.user", "pk": 11, "fields": {"password": "pbkdf2_sha256$36000$oGYf5bOaNpnf$974W5dZVB5mXlJq+YhK0GHEM98Bf72MXT07ml+xxS3M=", "last_login": "2017-06-23T08:47:54Z", "is_superuser": false, "username": "Kishan", "first_name": "kishan", "last_name": "patel", "email": "patel1dc@uwindsor.ca", "is_staff": false, "is_active": true, "date_joined": "2017-06-23T08:42:59Z", "groups": [], "user_permissions": []}}, {"model": "auth.user", "pk": 12, "fields": {"password": "pbkdf2_sha256$36000$uPibisAPYGV8$nXRhS0CLKfNNhhkdCIIYzs47RxFFDwxGS2L/7wceXVg=", "last_login": "2017-06-29T05:21:48.895Z", "is_superuser": true, "username": "kishankishan", "first_name": "kishan", "last_name": "patel", "email": "kishan@kishan.ca", "is_staff": true, "is_active": true, "date_joined": "2017-06-24T04:03:18Z", "groups": [], "user_permissions": []}}, {"model": "auth.user", "pk": 13, "fields": {"password": "testpass123", "last_login": null, "is_superuser": false, "username": "krishna", "first_name": "Radhekrishna", "last_name": "patel", "email": "", "is_staff": true, "is_active": true, "date_joined": "2017-06-24T05:47:09Z", "groups": [], "user_permissions": []}}, {"model": "auth.user", "pk": 15, "fields": {"password": "pbkdf2_sha256$36000$FFSaD8wDMtoq$buHBsJSXxofWx0+LgfNv2ebl11e3bOM7PXeuJFQJTe8=", "last_login": "2017-06-29T02:18:40.581Z", "is_superuser": false, "username": "Yuvicando", "first_name": "Yuvraj", "last_name": "Singh", "email": "yuvi@yuvi.com", "is_staff": false, "is_active": true, "date_joined": "2017-06-24T08:53:56Z", "groups": [], "user_permissions": [1, 16]}}, {"model": "auth.user", "pk": 16, "fields": {"password": "pbkdf2_sha256$36000$5BPDQF90yG75$OZ4e4WnDi8ONCzGJIUjYYImLC0iDNPbt3FXQ2gp80Kw=", "last_login": null, "is_superuser": false, "username": "sachintest", "first_name": "sachin", "last_name": "istesting", "email": "app@aoo.com", "is_staff": true, "is_active": true, "date_joined": "2017-06-24T09:35:47Z", "groups": [], "user_permissions": []}}, {"model": "auth.user", "pk": 17, "fields": {"password": "hapassthayo123", "last_login": null, "is_superuser": false, "username": "lalyopassthayo", "first_name": "lalyo", "last_name": "hala", "email": "lalyo@uwindosr.ca", "is_staff": false, "is_active": true, "date_joined": "2017-06-24T11:38:17.702Z", "groups": [], "user_permissions": []}}, {"model": "auth.user", "pk": 18, "fields": {"password": "dumbokhambo123", "last_login": null, "is_superuser": false, "username": "munchando", "first_name": "tilltill", "last_name": "tallotallo", "email": "lakko@pakka.ca", "is_staff": false, "is_active": true, "date_joined": "2017-06-25T03:53:04.468Z", "groups": [], "user_permissions": []}}, {"model": "auth.user", "pk": 19, "fields": {"password": "wingwangwong123", "last_login": null, "is_superuser": false, "username": "singasong", "first_name": "pingpong", "last_name": "tingtong", "email": "ling@long.ca", "is_staff": false, "is_active": true, "date_joined": "2017-06-25T04:01:15.367Z", "groups": [], "user_permissions": []}}, {"model": "auth.user", "pk": 20, "fields": {"password": "pbkdf2_sha256$36000$ron8JEnh2zXe$UVgdbLx8LA3oAiAbVkUVGhMKin5It9ma65/nclpw9QM=", "last_login": "2017-06-29T02:13:12.285Z", "is_superuser": false, "username": "VassChaminda", "first_name": "Chaminda", "last_name": "Vass", "email": "vass@vass.ca", "is_staff": false, "is_active": true, "date_joined": "2017-06-29T01:24:02.117Z", "groups": [], "user_permissions": []}}, {"model": "auth.user", "pk": 21, "fields": {"password": "preet@1234", "last_login": null, "is_superuser": false, "username": "harpreet", "first_name": "HArpreet", "last_name": "Bhullar", "email": "bhulla11c@uwindsor.ca", "is_staff": false, "is_active": true, "date_joined": "2017-06-29T04:25:21.653Z", "groups": [], "user_permissions": []}}, {"model": "auth.user", "pk": 25, "fields": {"password": "lastlast123", "last_login": null, "is_superuser": false, "username": "testing", "first_name": "Aesha", "last_name": "Patel", "email": "aesha@patel.ni", "is_staff": false, "is_active": true, "date_joined": "2017-06-29T05:12:38.423Z", "groups": [], "user_permissions": []}}, {"model": "auth.user", "pk": 27, "fields": {"password": "pbkdf2_sha256$36000$E3luWiUXipFH$4r/F+CvdrtnaDAyI5VKuOGix4T5eaC0WlimRvawqcAg=", "last_login": "2017-06-29T05:22:56.157Z", "is_superuser": false, "username": "maddy", "first_name": "Madhusudan", "last_name": "Reddy", "email": "madhu@uwindsor.ca", "is_staff": false, "is_active": true, "date_joined": "2017-06-29T05:20:17.043Z", "groups": [], "user_permissions": []}}, {"model": "auth.user", "pk": 28, "fields": {"password": "pbkdf2_sha256$36000$pRL6Hk0EWu1y$cAWAFE1mzo7wrPfN+5GSjHdXODb3JIr9yu+ADfOsN2g=", "last_login": "2017-06-29T06:14:17.717Z", "is_superuser": false, "username": "qwerty", "first_name": "source code", "last_name": "test", "email": "ad@ad.sd", "is_staff": false, "is_active": true, "date_joined": "2017-06-29T06:13:59.246Z", "groups": [], "user_permissions": []}}, {"model": "myApp.student", "pk": 5, "fields": {"address": null, "city": "Windsor", "province": "ON", "age": 25, "picture": "", "groups": [], "user_permissions": []}}, {"model": "myApp.student", "pk": 6, "fields": {"address": null, "city": "Windsor", "province": "ON", "age": 30, "picture": "", "groups": [], "user_permissions": []}}, {"model": "myApp.student", "pk": 7, "fields": {"address": null, "city": "Windsor", "province": "ON", "age": 35, "picture": "", "groups": [], "user_permissions": []}}, {"model": "myApp.student", "pk": 10, "fields": {"address": "433 Jos", "city": "Windsor", "province": "ON", "age": 25, "picture": "", "groups": [], "user_permissions": [1, 2, 3, 7, 8, 9, 4, 5, 6, 10, 11, 12, 13, 14, 15, 22, 23, 24, 19, 20, 21, 28, 29, 30, 25, 26, 27, 31, 34, 32, 35, 33, 36, 16, 17, 18]}}, {"model": "myApp.student", "pk": 13, "fields": {"address": null, "city": "Windsor", "province": "ON", "age": 25, "picture": "", "groups": [], "user_permissions": []}}, {"model": "myApp.student", "pk": 15, "fields": {"address": "india", "city": "india", "province": "ON", "age": 30, "picture": "", "groups": [], "user_permissions": [1, 16]}}, {"model": "myApp.student", "pk": 17, "fields": {"address": "borsadwado", "city": "Windsor", "province": "ON", "age": 30, "picture": "", "groups": [], "user_permissions": []}}, {"model": "myApp.student", "pk": 18, "fields": {"address": "aaddefeer", "city": "Windsor", "province": "ON", "age": 65, "picture": "", "groups": [], "user_permissions": []}}, {"model": "myApp.student", "pk": 19, "fields": {"address": "chinchpokli", "city": "Windsor", "province": "ON", "age": 125, "picture": "", "groups": [], "user_permissions": []}}, {"model": "myApp.student", "pk": 20, "fields": {"address": "433 Josephine Ave", "city": "Windsor", "province": "ON", "age": 25, "picture": "myapp/images/coffee-smartphone-desk-pen.jpg", "groups": [], "user_permissions": []}}, {"model": "myApp.student", "pk": 21, "fields": {"address": "433 Josephine", "city": "Windsor", "province": "ON", "age": 25, "picture": "myapp/images/pexels-photo-316466.jpeg", "groups": [], "user_permissions": []}}, {"model": "myApp.student", "pk": 25, "fields": {"address": "sdfs", "city": "Windsor", "province": "ON", "age": 52, "picture": "myapp/images/coffee-smartphone-desk-pen_AjVHEaF.jpg", "groups": [], "user_permissions": []}}, {"model": "myApp.student", "pk": 27, "fields": {"address": "sfd", "city": "Windsor", "province": "ON", "age": 25, "picture": "myapp/images/header_image_qhkjxHj.jpeg", "groups": [], "user_permissions": []}}, {"model": "myApp.student", "pk": 28, "fields": {"address": "dsv", "city": "Windsor", "province": "ON", "age": 25, "picture": "myapp/images/pexels-photo-316466_1.jpeg", "groups": [], "user_permissions": []}}, {"model": "myApp.course", "pk": 106, "fields": {"title": "Python Introduction", "textbook": 7, "students": [5, 6]}}, {"model": "myApp.course", "pk": 110, "fields": {"title": "Programming Introduction", "textbook": 7, "students": [6, 13, 15]}}, {"model": "myApp.course", "pk": 211, "fields": {"title": "English Literature", "textbook": 8, "students": [7, 13, 15]}}, {"model": "myApp.course", "pk": 567, "fields": {"title": "Networking Topics", "textbook": 5, "students": [5, 6, 7, 15]}}, {"model": "admin.logentry", "pk": 1, "fields": {"action_time": "2017-05-16T16:24:00.559Z", "user": 2, "content_type": 8, "object_id": "1", "object_repr": "Author object", "action_flag": 1, "change_message": "[{\"added\": {}}]"}}, {"model": "admin.logentry", "pk": 2, "fields": {"action_time": "2017-05-16T16:24:10.761Z", "user": 2, "content_type": 8, "object_id": "1", "object_repr": "Author object", "action_flag": 2, "change_message": "[]"}}, {"model": "admin.logentry", "pk": 3, "fields": {"action_time": "2017-05-16T16:24:31.047Z", "user": 2, "content_type": 8, "object_id": "2", "object_repr": "Author object", "action_flag": 1, "change_message": "[{\"added\": {}}]"}}, {"model": "admin.logentry", "pk": 4, "fields": {"action_time": "2017-05-20T23:39:04.422Z", "user": 2, "content_type": 8, "object_id": "3", "object_repr": "Author object", "action_flag": 1, "change_message": "[{\"added\": {}}]"}}, {"model": "admin.logentry", "pk": 5, "fields": {"action_time": "2017-05-20T23:39:38.075Z", "user": 2, "content_type": 8, "object_id": "4", "object_repr": "Author object", "action_flag": 1, "change_message": "[{\"added\": {}}]"}}, {"model": "admin.logentry", "pk": 6, "fields": {"action_time": "2017-05-20T23:40:04.619Z", "user": 2, "content_type": 8, "object_id": "5", "object_repr": "Author object", "action_flag": 1, "change_message": "[{\"added\": {}}]"}}, {"model": "admin.logentry", "pk": 7, "fields": {"action_time": "2017-05-20T23:41:40.783Z", "user": 2, "content_type": 8, "object_id": "4", "object_repr": "Author object", "action_flag": 2, "change_message": "[]"}}, {"model": "admin.logentry", "pk": 8, "fields": {"action_time": "2017-05-20T23:41:53.533Z", "user": 2, "content_type": 7, "object_id": "1", "object_repr": "Book object", "action_flag": 1, "change_message": "[{\"added\": {}}]"}}, {"model": "admin.logentry", "pk": 9, "fields": {"action_time": "2017-05-20T23:42:28.460Z", "user": 2, "content_type": 7, "object_id": "2", "object_repr": "Book object", "action_flag": 1, "change_message": "[{\"added\": {}}]"}}, {"model": "admin.logentry", "pk": 10, "fields": {"action_time": "2017-05-20T23:43:19.321Z", "user": 2, "content_type": 7, "object_id": "3", "object_repr": "Book object", "action_flag": 1, "change_message": "[{\"added\": {}}]"}}, {"model": "admin.logentry", "pk": 11, "fields": {"action_time": "2017-05-20T23:45:38.839Z", "user": 2, "content_type": 3, "object_id": "1", "object_repr": "Kishanpatel", "action_flag": 1, "change_message": "[{\"added\": {}}]"}}, {"model": "admin.logentry", "pk": 12, "fields": {"action_time": "2017-05-20T23:46:25.551Z", "user": 2, "content_type": 9, "object_id": "3", "object_repr": "Krashhy", "action_flag": 1, "change_message": "[{\"added\": {}}]"}}, {"model": "admin.logentry", "pk": 13, "fields": {"action_time": "2017-05-20T23:48:04.184Z", "user": 2, "content_type": 9, "object_id": "4", "object_repr": "Aeshapatel", "action_flag": 1, "change_message": "[{\"added\": {}}]"}}, {"model": "admin.logentry", "pk": 14, "fields": {"action_time": "2017-05-20T23:48:06.978Z", "user": 2, "content_type": 10, "object_id": "121", "object_repr": "Course object", "action_flag": 1, "change_message": "[{\"added\": {}}]"}}, {"model": "admin.logentry", "pk": 15, "fields": {"action_time": "2017-05-20T23:48:53.191Z", "user": 2, "content_type": 10, "object_id": "2145", "object_repr": "Course object", "action_flag": 1, "change_message": "[{\"added\": {}}]"}}, {"model": "admin.logentry", "pk": 16, "fields": {"action_time": "2017-05-20T23:51:40.495Z", "user": 2, "content_type": 8, "object_id": "6", "object_repr": "Author object", "action_flag": 1, "change_message": "[{\"added\": {}}]"}}, {"model": "admin.logentry", "pk": 17, "fields": {"action_time": "2017-05-20T23:52:21.427Z", "user": 2, "content_type": 8, "object_id": "7", "object_repr": "Author object", "action_flag": 1, "change_message": "[{\"added\": {}}]"}}, {"model": "admin.logentry", "pk": 18, "fields": {"action_time": "2017-05-20T23:52:45.008Z", "user": 2, "content_type": 8, "object_id": "8", "object_repr": "Author object", "action_flag": 1, "change_message": "[{\"added\": {}}]"}}, {"model": "admin.logentry", "pk": 19, "fields": {"action_time": "2017-05-20T23:53:05.707Z", "user": 2, "content_type": 8, "object_id": "9", "object_repr": "Author object", "action_flag": 1, "change_message": "[{\"added\": {}}]"}}, {"model": "admin.logentry", "pk": 20, "fields": {"action_time": "2017-05-20T23:57:10.448Z", "user": 2, "content_type": 7, "object_id": "4", "object_repr": "Book object", "action_flag": 1, "change_message": "[{\"added\": {}}]"}}, {"model": "admin.logentry", "pk": 21, "fields": {"action_time": "2017-05-20T23:57:46.267Z", "user": 2, "content_type": 7, "object_id": "5", "object_repr": "Book object", "action_flag": 1, "change_message": "[{\"added\": {}}]"}}, {"model": "admin.logentry", "pk": 22, "fields": {"action_time": "2017-05-20T23:58:19.104Z", "user": 2, "content_type": 7, "object_id": "6", "object_repr": "Book object", "action_flag": 1, "change_message": "[{\"added\": {}}]"}}, {"model": "admin.logentry", "pk": 23, "fields": {"action_time": "2017-05-20T23:58:43.704Z", "user": 2, "content_type": 7, "object_id": "7", "object_repr": "Book object", "action_flag": 1, "change_message": "[{\"added\": {}}]"}}, {"model": "admin.logentry", "pk": 24, "fields": {"action_time": "2017-05-20T23:59:03.851Z", "user": 2, "content_type": 7, "object_id": "8", "object_repr": "Book object", "action_flag": 1, "change_message": "[{\"added\": {}}]"}}, {"model": "admin.logentry", "pk": 25, "fields": {"action_time": "2017-05-21T00:01:05.735Z", "user": 2, "content_type": 9, "object_id": "4", "object_repr": "Aeshapatel", "action_flag": 3, "change_message": ""}}, {"model": "admin.logentry", "pk": 26, "fields": {"action_time": "2017-05-21T00:01:05.964Z", "user": 2, "content_type": 9, "object_id": "3", "object_repr": "Krashhy", "action_flag": 3, "change_message": ""}}, {"model": "admin.logentry", "pk": 27, "fields": {"action_time": "2017-05-21T00:02:19.364Z", "user": 2, "content_type": 9, "object_id": "5", "object_repr": "BILLwANG", "action_flag": 1, "change_message": "[{\"added\": {}}]"}}, {"model": "admin.logentry", "pk": 28, "fields": {"action_time": "2017-05-21T00:03:10.393Z", "user": 2, "content_type": 9, "object_id": "6", "object_repr": "JOSH", "action_flag": 1, "change_message": "[{\"added\": {}}]"}}, {"model": "admin.logentry", "pk": 29, "fields": {"action_time": "2017-05-21T00:04:00.341Z", "user": 2, "content_type": 9, "object_id": "7", "object_repr": "ZIAD", "action_flag": 1, "change_message": "[{\"added\": {}}]"}}, {"model": "admin.logentry", "pk": 30, "fields": {"action_time": "2017-05-21T00:04:52.172Z", "user": 2, "content_type": 9, "object_id": "8", "object_repr": "LUIS", "action_flag": 1, "change_message": "[{\"added\": {}}]"}}, {"model": "admin.logentry", "pk": 31, "fields": {"action_time": "2017-05-21T00:05:21.394Z", "user": 2, "content_type": 10, "object_id": "2145", "object_repr": "Course object", "action_flag": 3, "change_message": ""}}, {"model": "admin.logentry", "pk": 32, "fields": {"action_time": "2017-05-21T00:05:21.461Z", "user": 2, "content_type": 10, "object_id": "121", "object_repr": "Course object", "action_flag": 3, "change_message": ""}}, {"model": "admin.logentry", "pk": 33, "fields": {"action_time": "2017-05-21T00:05:54.026Z", "user": 2, "content_type": 10, "object_id": "106", "object_repr": "Course object", "action_flag": 1, "change_message": "[{\"added\": {}}]"}}, {"model": "admin.logentry", "pk": 34, "fields": {"action_time": "2017-05-21T00:06:31.875Z", "user": 2, "content_type": 10, "object_id": "211", "object_repr": "Course object", "action_flag": 1, "change_message": "[{\"added\": {}}]"}}, {"model": "admin.logentry", "pk": 35, "fields": {"action_time": "2017-05-21T00:07:18.931Z", "user": 2, "content_type": 10, "object_id": "567", "object_repr": "Course object", "action_flag": 1, "change_message": "[{\"added\": {}}]"}}, {"model": "admin.logentry", "pk": 36, "fields": {"action_time": "2017-05-21T00:09:37.282Z", "user": 2, "content_type": 10, "object_id": "110", "object_repr": "Course object", "action_flag": 1, "change_message": "[{\"added\": {}}]"}}, {"model": "admin.logentry", "pk": 37, "fields": {"action_time": "2017-06-17T07:56:20.586Z", "user": 9, "content_type": 11, "object_id": "1", "object_repr": "TestTopic", "action_flag": 1, "change_message": "[{\"added\": {}}]"}}, {"model": "admin.logentry", "pk": 38, "fields": {"action_time": "2017-06-18T07:24:51.833Z", "user": 9, "content_type": 11, "object_id": "1", "object_repr": "TestTopic", "action_flag": 2, "change_message": "[]"}}, {"model": "admin.logentry", "pk": 39, "fields": {"action_time": "2017-06-23T08:37:47.874Z", "user": 9, "content_type": 9, "object_id": "10", "object_repr": "kishan", "action_flag": 2, "change_message": "[]"}}, {"model": "admin.logentry", "pk": 40, "fields": {"action_time": "2017-06-23T08:38:05.220Z", "user": 9, "content_type": 9, "object_id": "8", "object_repr": "LUIS", "action_flag": 2, "change_message": "[]"}}, {"model": "admin.logentry", "pk": 41, "fields": {"action_time": "2017-06-23T08:43:00.035Z", "user": 9, "content_type": 4, "object_id": "11", "object_repr": "Kishan", "action_flag": 1, "change_message": "[{\"added\": {}}]"}}, {"model": "admin.logentry", "pk": 42, "fields": {"action_time": "2017-06-24T05:00:36.380Z", "user": 12, "content_type": 4, "object_id": "12", "object_repr": "kishankishan", "action_flag": 2, "change_message": "[{\"changed\": {\"fields\": [\"first_name\", \"last_name\"]}}]"}}, {"model": "admin.logentry", "pk": 43, "fields": {"action_time": "2017-06-24T05:23:49.622Z", "user": 12, "content_type": 3, "object_id": "2", "object_repr": "Students", "action_flag": 1, "change_message": "[{\"added\": {}}]"}}, {"model": "admin.logentry", "pk": 44, "fields": {"action_time": "2017-06-24T05:40:56.945Z", "user": 12, "content_type": 9, "object_id": "5", "object_repr": "BILL", "action_flag": 2, "change_message": "[{\"changed\": {\"fields\": [\"is_staff\"]}}]"}}, {"model": "admin.logentry", "pk": 45, "fields": {"action_time": "2017-06-24T05:41:54.699Z", "user": 12, "content_type": 9, "object_id": "5", "object_repr": "BILL", "action_flag": 2, "change_message": "[{\"changed\": {\"fields\": [\"password\"]}}]"}}, {"model": "admin.logentry", "pk": 46, "fields": {"action_time": "2017-06-24T05:42:48.260Z", "user": 12, "content_type": 9, "object_id": "6", "object_repr": "JOSH", "action_flag": 2, "change_message": "[{\"changed\": {\"fields\": [\"password\", \"is_staff\"]}}]"}}, {"model": "admin.logentry", "pk": 47, "fields": {"action_time": "2017-06-24T05:44:19.013Z", "user": 12, "content_type": 9, "object_id": "6", "object_repr": "JOSH", "action_flag": 2, "change_message": "[]"}}, {"model": "admin.logentry", "pk": 48, "fields": {"action_time": "2017-06-24T05:44:59.034Z", "user": 12, "content_type": 4, "object_id": "8", "object_repr": "LUIS", "action_flag": 3, "change_message": ""}}, {"model": "admin.logentry", "pk": 49, "fields": {"action_time": "2017-06-24T05:45:45.011Z", "user": 12, "content_type": 4, "object_id": "11", "object_repr": "Kishan", "action_flag": 2, "change_message": "[{\"changed\": {\"fields\": [\"first_name\", \"last_name\", \"email\"]}}]"}}, {"model": "admin.logentry", "pk": 50, "fields": {"action_time": "2017-06-24T05:49:01.466Z", "user": 12, "content_type": 9, "object_id": "13", "object_repr": "Radhekrishna", "action_flag": 1, "change_message": "[{\"added\": {}}]"}}, {"model": "admin.logentry", "pk": 51, "fields": {"action_time": "2017-06-24T05:49:34.979Z", "user": 12, "content_type": 10, "object_id": "211", "object_repr": "English Literature", "action_flag": 2, "change_message": "[]"}}, {"model": "admin.logentry", "pk": 52, "fields": {"action_time": "2017-06-24T05:50:32.402Z", "user": 12, "content_type": 10, "object_id": "110", "object_repr": "Programming Introduction", "action_flag": 2, "change_message": "[]"}}, {"model": "admin.logentry", "pk": 53, "fields": {"action_time": "2017-06-24T05:51:33.860Z", "user": 12, "content_type": 9, "object_id": "13", "object_repr": "Radhekrishna", "action_flag": 2, "change_message": "[{\"changed\": {\"fields\": [\"is_staff\"]}}]"}}, {"model": "admin.logentry", "pk": 54, "fields": {"action_time": "2017-06-24T06:21:56.872Z", "user": 12, "content_type": 9, "object_id": "10", "object_repr": "kishan", "action_flag": 2, "change_message": "[{\"changed\": {\"fields\": [\"password\", \"is_staff\"]}}]"}}, {"model": "admin.logentry", "pk": 55, "fields": {"action_time": "2017-06-24T08:56:01.504Z", "user": 12, "content_type": 9, "object_id": "15", "object_repr": "Yuvraj", "action_flag": 1, "change_message": "[{\"added\": {}}]"}}, {"model": "admin.logentry", "pk": 56, "fields": {"action_time": "2017-06-24T08:56:56.261Z", "user": 12, "content_type": 4, "object_id": "15", "object_repr": "Yuvicando", "action_flag": 2, "change_message": "[{\"changed\": {\"fields\": [\"password\"]}}]"}}, {"model": "admin.logentry", "pk": 57, "fields": {"action_time": "2017-06-24T08:58:41.781Z", "user": 12, "content_type": 10, "object_id": "110", "object_repr": "Programming Introduction", "action_flag": 2, "change_message": "[]"}}, {"model": "admin.logentry", "pk": 58, "fields": {"action_time": "2017-06-24T08:58:47.478Z", "user": 12, "content_type": 10, "object_id": "211", "object_repr": "English Literature", "action_flag": 2, "change_message": "[]"}}, {"model": "admin.logentry", "pk": 59, "fields": {"action_time": "2017-06-24T09:20:05.326Z", "user": 12, "content_type": 10, "object_id": "567", "object_repr": "Networking Topics", "action_flag": 2, "change_message": "[]"}}, {"model": "admin.logentry", "pk": 60, "fields": {"action_time": "2017-06-24T09:35:18.312Z", "user": 12, "content_type": 4, "object_id": "14", "object_repr": "Sachin", "action_flag": 3, "change_message": ""}}, {"model": "admin.logentry", "pk": 61, "fields": {"action_time": "2017-06-24T09:35:47.335Z", "user": 12, "content_type": 4, "object_id": "16", "object_repr": "sachintest", "action_flag": 1, "change_message": "[{\"added\": {}}]"}}, {"model": "admin.logentry", "pk": 62, "fields": {"action_time": "2017-06-24T09:36:09.577Z", "user": 12, "content_type": 4, "object_id": "16", "object_repr": "sachintest", "action_flag": 2, "change_message": "[{\"changed\": {\"fields\": [\"first_name\", \"last_name\", \"email\"]}}]"}}, {"model": "admin.logentry", "pk": 63, "fields": {"action_time": "2017-06-24T09:36:35.082Z", "user": 12, "content_type": 4, "object_id": "16", "object_repr": "sachintest", "action_flag": 2, "change_message": "[{\"changed\": {\"fields\": [\"is_staff\"]}}]"}}, {"model": "admin.logentry", "pk": 64, "fields": {"action_time": "2017-06-25T04:05:37.064Z", "user": 12, "content_type": 9, "object_id": "15", "object_repr": "Yuvraj", "action_flag": 2, "change_message": "[{\"changed\": {\"fields\": [\"picture\"]}}]"}}, {"model": "admin.logentry", "pk": 65, "fields": {"action_time": "2017-06-29T01:25:35.977Z", "user": 12, "content_type": 4, "object_id": "20", "object_repr": "VassChaminda", "action_flag": 2, "change_message": "[{\"changed\": {\"fields\": [\"password\"]}}]"}}, {"model": "admin.logentry", "pk": 66, "fields": {"action_time": "2017-06-29T05:18:39.850Z", "user": 12, "content_type": 4, "object_id": "26", "object_repr": "Aesha", "action_flag": 3, "change_message": ""}}, {"model": "admin.logentry", "pk": 67, "fields": {"action_time": "2017-06-29T05:18:40.009Z", "user": 12, "content_type": 4, "object_id": "22", "object_repr": "Krishnaurl", "action_flag": 3, "change_message": ""}}, {"model": "admin.logentry", "pk": 68, "fields": {"action_time": "2017-06-29T05:18:40.113Z", "user": 12, "content_type": 4, "object_id": "23", "object_repr": "madhuwindsor", "action_flag": 3, "change_message": ""}}, {"model": "admin.logentry", "pk": 69, "fields": {"action_time": "2017-06-29T05:18:40.206Z", "user": 12, "content_type": 4, "object_id": "24", "object_repr": "", "action_flag": 3, "change_message": ""}}]